{"workdir": "/Users/can/.hermes", "created_at": 1778775114.401757, "last_touch": 1778775114.401757}